{"cameraMode":{"drawMode":0,"name":"Shaded","section":"Shading Mode"},"sceneLighting":true,"audioPlay":false,"sceneViewState":{"showFog":true,"showMaterialUpdate":false,"showSkybox":true,"showFlares":true,"showImageEffects":true,"showParticleSystems":true},"in2DMode":false,"pivot":{"x":2.9039692878723146,"y":4.78166389465332,"z":3.111879587173462},"rotation":{"x":-0.06542032212018967,"y":0.7090920209884644,"z":-0.06634633243083954,"w":-0.6989514827728272},"size":18.18895721435547,"orthographic":false}